algo,alphabet,text_size,pattern_size,sub_cnt,avg_time,avg_oper
cooler_kmp,binary,10000,100,0,16026,2970
cooler_kmp,binary,10000,200,0,16378,5970
cooler_kmp,binary,10000,300,0,18099,8970
cooler_kmp,binary,10000,400,0,19035,11970
cooler_kmp,binary,10000,500,0,21022,14970
cooler_kmp,binary,10000,600,0,19189,17970
cooler_kmp,binary,10000,700,0,22029,20970
cooler_kmp,binary,10000,800,0,19729,23970
cooler_kmp,binary,10000,900,0,21285,26970
cooler_kmp,binary,10000,1000,0,23335,29970
cooler_kmp,binary,10000,1100,0,24975,32970
cooler_kmp,binary,10000,1200,0,23278,35970
cooler_kmp,binary,10000,1300,0,23944,38970
cooler_kmp,binary,10000,1400,0,27189,41970
cooler_kmp,binary,10000,1500,0,25395,44970
cooler_kmp,binary,10000,1600,0,26703,47970
cooler_kmp,binary,10000,1700,0,27347,50970
cooler_kmp,binary,10000,1800,0,28723,53970
cooler_kmp,binary,10000,1900,0,28173,56970
cooler_kmp,binary,10000,2000,0,31010,59970
cooler_kmp,binary,10000,2100,0,30761,62970
cooler_kmp,binary,10000,2200,0,30241,65970
cooler_kmp,binary,10000,2300,0,31368,68970
cooler_kmp,binary,10000,2400,0,32583,71970
cooler_kmp,binary,10000,2500,0,32714,74970
cooler_kmp,binary,10000,2600,0,33464,77970
cooler_kmp,binary,10000,2700,0,33046,80970
cooler_kmp,binary,10000,2800,0,35302,83970
cooler_kmp,binary,10000,2900,0,34861,86970
cooler_kmp,binary,10000,3000,0,36563,89970
cooler_kmp,binary,100000,100,0,231897,2970
cooler_kmp,binary,100000,200,0,209017,5970
cooler_kmp,binary,100000,300,0,239365,8970
cooler_kmp,binary,100000,400,0,229698,11970
cooler_kmp,binary,100000,500,0,234542,14970
cooler_kmp,binary,100000,600,0,236939,17970
cooler_kmp,binary,100000,700,0,242487,20970
cooler_kmp,binary,100000,800,0,240985,23970
cooler_kmp,binary,100000,900,0,230452,26970
cooler_kmp,binary,100000,1000,0,270069,29970
cooler_kmp,binary,100000,1100,0,226859,32970
cooler_kmp,binary,100000,1200,0,223972,35970
cooler_kmp,binary,100000,1300,0,228137,38970
cooler_kmp,binary,100000,1400,0,217706,41970
cooler_kmp,binary,100000,1500,0,265233,44970
cooler_kmp,binary,100000,1600,0,217622,47970
cooler_kmp,binary,100000,1700,0,253549,50970
cooler_kmp,binary,100000,1800,0,230407,53970
cooler_kmp,binary,100000,1900,0,231184,56970
cooler_kmp,binary,100000,2000,0,234005,59970
cooler_kmp,binary,100000,2100,0,224525,62970
cooler_kmp,binary,100000,2200,0,226937,65970
cooler_kmp,binary,100000,2300,0,261542,68970
cooler_kmp,binary,100000,2400,0,239397,71970
cooler_kmp,binary,100000,2500,0,248807,74970
cooler_kmp,binary,100000,2600,0,237770,77970
cooler_kmp,binary,100000,2700,0,226672,80970
cooler_kmp,binary,100000,2800,0,226295,83970
cooler_kmp,binary,100000,2900,0,234433,86970
cooler_kmp,binary,100000,3000,0,222500,89970
cooler_kmp,binary,10000,100,1,37681,4484
cooler_kmp,binary,10000,200,1,35836,8895
cooler_kmp,binary,10000,300,1,38423,13365
cooler_kmp,binary,10000,400,1,36065,17715
cooler_kmp,binary,10000,500,1,37944,21706
cooler_kmp,binary,10000,600,1,40005,27134
cooler_kmp,binary,10000,700,1,39865,31455
cooler_kmp,binary,10000,800,1,40845,35235
cooler_kmp,binary,10000,900,1,44158,41264
cooler_kmp,binary,10000,1000,1,41824,43156
cooler_kmp,binary,10000,1100,1,47764,50114
cooler_kmp,binary,10000,1200,1,50741,58271
cooler_kmp,binary,10000,1300,1,45071,57675
cooler_kmp,binary,10000,1400,1,51770,66732
cooler_kmp,binary,10000,1500,1,48245,67005
cooler_kmp,binary,10000,1600,1,48841,72434
cooler_kmp,binary,10000,1700,1,46437,72887
cooler_kmp,binary,10000,1800,1,51947,82574
cooler_kmp,binary,10000,1900,1,56225,88873
cooler_kmp,binary,10000,2000,1,57265,94152
cooler_kmp,binary,10000,2100,1,57262,95084
cooler_kmp,binary,10000,2200,1,52807,94996
cooler_kmp,binary,10000,2300,1,59105,105524
cooler_kmp,binary,10000,2400,1,54364,101477
cooler_kmp,binary,10000,2500,1,59528,110205
cooler_kmp,binary,10000,2600,1,64217,121633
cooler_kmp,binary,10000,2700,1,61398,119835
cooler_kmp,binary,10000,2800,1,56301,118397
cooler_kmp,binary,10000,2900,1,65746,135673
cooler_kmp,binary,10000,3000,1,60729,125958
cooler_kmp,binary,100000,100,1,489340,4662
cooler_kmp,binary,100000,200,1,421575,8477
cooler_kmp,binary,100000,300,1,469133,13813
cooler_kmp,binary,100000,400,1,479039,18553
cooler_kmp,binary,100000,500,1,430069,22455
cooler_kmp,binary,100000,600,1,485271,27134
cooler_kmp,binary,100000,700,1,494472,32084
cooler_kmp,binary,100000,800,1,446057,35955
cooler_kmp,binary,100000,900,1,444941,39376
cooler_kmp,binary,100000,1000,1,426003,42857
cooler_kmp,binary,100000,1100,1,488819,51433
cooler_kmp,binary,100000,1200,1,499306,55393
cooler_kmp,binary,100000,1300,1,409269,52609
cooler_kmp,binary,100000,1400,1,431517,59597
cooler_kmp,binary,100000,1500,1,445436,66555
cooler_kmp,binary,100000,1600,1,403028,67158
cooler_kmp,binary,100000,1700,1,428886,73906
cooler_kmp,binary,100000,1800,1,444409,79335
cooler_kmp,binary,100000,1900,1,495189,83176
cooler_kmp,binary,100000,2000,1,444703,86356
cooler_kmp,binary,100000,2100,1,477141,94455
cooler_kmp,binary,100000,2200,1,444303,94337
cooler_kmp,binary,100000,2300,1,447201,97937
cooler_kmp,binary,100000,2400,1,483092,107955
cooler_kmp,binary,100000,2500,1,465488,110205
cooler_kmp,binary,100000,2600,1,466440,114615
cooler_kmp,binary,100000,2700,1,445870,118216
cooler_kmp,binary,100000,2800,1,472204,124275
cooler_kmp,binary,100000,2900,1,528561,140891
cooler_kmp,binary,100000,3000,1,507584,134955
cooler_kmp,binary,10000,100,2,74540,7306
cooler_kmp,binary,10000,200,2,75548,14984
cooler_kmp,binary,10000,300,2,65752,19823
cooler_kmp,binary,10000,400,2,74987,29446
cooler_kmp,binary,10000,500,2,77713,37874
cooler_kmp,binary,10000,600,2,80877,46182
cooler_kmp,binary,10000,700,2,81360,53892
cooler_kmp,binary,10000,800,2,72116,55131
cooler_kmp,binary,10000,900,2,91762,72549
cooler_kmp,binary,10000,1000,2,84818,74925
cooler_kmp,binary,10000,1100,2,88657,85722
cooler_kmp,binary,10000,1200,2,90202,92083
cooler_kmp,binary,10000,1300,2,93779,103270
cooler_kmp,binary,10000,1400,2,94106,109961
cooler_kmp,binary,10000,1500,2,103269,123217
cooler_kmp,binary,10000,1600,2,94185,123282
cooler_kmp,binary,10000,1700,2,98772,131502
cooler_kmp,binary,10000,1800,2,91097,127908
cooler_kmp,binary,10000,1900,2,92101,135588
cooler_kmp,binary,10000,2000,2,100218,150524
cooler_kmp,binary,10000,2100,2,108493,168759
cooler_kmp,binary,10000,2200,2,96432,155029
cooler_kmp,binary,10000,2300,2,108430,176563
cooler_kmp,binary,10000,2400,2,100767,170568
cooler_kmp,binary,10000,2500,2,110649,190423
cooler_kmp,binary,10000,2600,2,109105,194145
cooler_kmp,binary,10000,2700,2,116689,208902
cooler_kmp,binary,10000,2800,2,114420,207405
cooler_kmp,binary,10000,2900,2,117185,218294
cooler_kmp,binary,10000,3000,2,112537,218627
cooler_kmp,binary,100000,100,2,826226,6979
cooler_kmp,binary,100000,200,2,926446,15223
cooler_kmp,binary,100000,300,2,943822,23052
cooler_kmp,binary,100000,400,2,915353,29925
cooler_kmp,binary,100000,500,2,837489,35628
cooler_kmp,binary,100000,600,2,950298,47440
cooler_kmp,binary,100000,700,2,1026399,57457
cooler_kmp,binary,100000,800,2,899970,58726
cooler_kmp,binary,100000,900,2,1005460,73628
cooler_kmp,binary,100000,1000,2,893543,72527
cooler_kmp,binary,100000,1100,2,1002128,88359
cooler_kmp,binary,100000,1200,2,872101,84529
cooler_kmp,binary,100000,1300,2,989310,101711
cooler_kmp,binary,100000,1400,2,995033,109961
cooler_kmp,binary,100000,1500,2,857889,106578
cooler_kmp,binary,100000,1600,2,919316,117526
cooler_kmp,binary,100000,1700,2,958191,132012
cooler_kmp,binary,100000,1800,2,1022866,144099
cooler_kmp,binary,100000,1900,2,985758,150970
cooler_kmp,binary,100000,2000,2,1014465,160119
cooler_kmp,binary,100000,2100,2,862991,147979
cooler_kmp,binary,100000,2200,2,888556,157008
cooler_kmp,binary,100000,2300,2,961872,176563
cooler_kmp,binary,100000,2400,2,1033790,191440
cooler_kmp,binary,100000,2500,2,1006915,191923
cooler_kmp,binary,100000,2600,2,911350,191806
cooler_kmp,binary,100000,2700,2,1030968,216189
cooler_kmp,binary,100000,2800,2,979687,214963
cooler_kmp,binary,100000,2900,2,1026331,231340
cooler_kmp,binary,100000,3000,2,958584,228523
cooler_kmp,binary,10000,100,3,141376,13275
cooler_kmp,binary,10000,200,3,149062,27402
cooler_kmp,binary,10000,300,3,148543,40723
cooler_kmp,binary,10000,400,3,162154,57695
cooler_kmp,binary,10000,500,3,134346,60478
cooler_kmp,binary,10000,600,3,158388,82482
cooler_kmp,binary,10000,700,3,143113,88493
cooler_kmp,binary,10000,800,3,164439,115295
cooler_kmp,binary,10000,900,3,152094,116780
cooler_kmp,binary,10000,1000,3,157792,130669
cooler_kmp,binary,10000,1100,3,159825,143749
cooler_kmp,binary,10000,1200,3,160521,155390
cooler_kmp,binary,10000,1300,3,163482,167181
cooler_kmp,binary,10000,1400,3,164656,179631
cooler_kmp,binary,10000,1500,3,186290,215406
cooler_kmp,binary,10000,1600,3,172351,210108
cooler_kmp,binary,10000,1700,3,192266,240578
cooler_kmp,binary,10000,1800,3,199054,261214
cooler_kmp,binary,10000,1900,3,193531,264910
cooler_kmp,binary,10000,2000,3,186833,265667
cooler_kmp,binary,10000,2100,3,203942,297218
cooler_kmp,binary,10000,2200,3,213889,321933
cooler_kmp,binary,10000,2300,3,202991,314503
cooler_kmp,binary,10000,2400,3,210185,331781
cooler_kmp,binary,10000,2500,3,216015,349360
cooler_kmp,binary,10000,2600,3,200676,335271
cooler_kmp,binary,10000,2700,3,208633,357077
cooler_kmp,binary,10000,2800,3,208335,361910
cooler_kmp,binary,10000,2900,3,229112,404410
cooler_kmp,binary,10000,3000,3,225311,407564
cooler_kmp,binary,100000,100,3,1981572,14493
cooler_kmp,binary,100000,200,3,1753516,26268
cooler_kmp,binary,100000,300,3,1871107,41620
cooler_kmp,binary,100000,400,3,1820130,54343
cooler_kmp,binary,100000,500,3,1901577,70957
cooler_kmp,binary,100000,600,3,1858821,81943
cooler_kmp,binary,100000,700,3,1802028,94365
cooler_kmp,binary,100000,800,3,1787168,104509
cooler_kmp,binary,100000,900,3,1821960,121904
cooler_kmp,binary,100000,1000,3,1765727,131868
cooler_kmp,binary,100000,1100,3,1913006,153310
cooler_kmp,binary,100000,1200,3,1912786,166900
cooler_kmp,binary,100000,1300,3,1808568,173416
cooler_kmp,binary,100000,1400,3,1869233,192222
cooler_kmp,binary,100000,1500,3,1887412,207761
cooler_kmp,binary,100000,1600,3,1883614,220662
cooler_kmp,binary,100000,1700,3,1818851,225797
cooler_kmp,binary,100000,1800,3,1938788,253659
cooler_kmp,binary,100000,1900,3,1867743,258074
cooler_kmp,binary,100000,2000,3,1908974,277661
cooler_kmp,binary,100000,2100,3,2014449,300996
cooler_kmp,binary,100000,2200,3,1857510,293566
cooler_kmp,binary,100000,2300,3,1923126,313123
cooler_kmp,binary,100000,2400,3,1858868,318827
cooler_kmp,binary,100000,2500,3,1883789,338114
cooler_kmp,binary,100000,2600,3,1915170,354763
cooler_kmp,binary,100000,2700,3,1939801,372462
cooler_kmp,binary,100000,2800,3,1834398,368628
cooler_kmp,binary,100000,2900,3,1843103,380058
cooler_kmp,binary,100000,3000,3,1848435,394968
cooler_kmp,binary,10000,100,4,283578,25037
cooler_kmp,binary,10000,200,4,293960,51580
cooler_kmp,binary,10000,300,4,309457,81268
cooler_kmp,binary,10000,400,4,295663,102702
cooler_kmp,binary,10000,500,4,313495,133532
cooler_kmp,binary,10000,600,4,305100,155979
cooler_kmp,binary,10000,700,4,310622,182648
cooler_kmp,binary,10000,800,4,297833,197033
cooler_kmp,binary,10000,900,4,337107,245966
cooler_kmp,binary,10000,1000,4,311107,247252
cooler_kmp,binary,10000,1100,4,334164,286509
cooler_kmp,binary,10000,1200,4,359365,333082
cooler_kmp,binary,10000,1300,4,326963,322281
cooler_kmp,binary,10000,1400,4,356449,369336
cooler_kmp,binary,10000,1500,4,358974,396185
cooler_kmp,binary,10000,1600,4,337319,390475
cooler_kmp,binary,10000,1700,4,382370,460768
cooler_kmp,binary,10000,1800,4,334070,424743
cooler_kmp,binary,10000,1900,4,382638,501336
cooler_kmp,binary,10000,2000,4,341992,470764
cooler_kmp,binary,10000,2100,4,400846,567989
cooler_kmp,binary,10000,2200,4,426101,614180
cooler_kmp,binary,10000,2300,4,412788,615212
cooler_kmp,binary,10000,2400,4,391166,596631
cooler_kmp,binary,10000,2500,4,414028,648490
cooler_kmp,binary,10000,2600,4,405997,649490
cooler_kmp,binary,10000,2700,4,427065,703629
cooler_kmp,binary,10000,2800,4,410075,690233
cooler_kmp,binary,10000,2900,4,465550,798384
cooler_kmp,binary,10000,3000,4,410146,708963
cooler_kmp,binary,100000,100,4,3271370,23047
cooler_kmp,binary,100000,200,4,3840102,53610
cooler_kmp,binary,100000,300,4,3863204,81088
cooler_kmp,binary,100000,400,4,3653723,103301
cooler_kmp,binary,100000,500,4,3643827,128442
cooler_kmp,binary,100000,600,4,3541538,149330
cooler_kmp,binary,100000,700,4,3485894,171744
cooler_kmp,binary,100000,800,4,3618188,203984
cooler_kmp,binary,100000,900,4,3888435,243808
cooler_kmp,binary,100000,1000,4,3952785,273026
cooler_kmp,binary,100000,1100,4,3684993,282882
cooler_kmp,binary,100000,1200,4,3688221,307543
cooler_kmp,binary,100000,1300,4,3408430,308642
cooler_kmp,binary,100000,1400,4,3365279,328625
cooler_kmp,binary,100000,1500,4,3620836,378647
cooler_kmp,binary,100000,1600,4,3389407,376564
cooler_kmp,binary,100000,1700,4,3424129,402663
cooler_kmp,binary,100000,1800,4,3630370,448490
cooler_kmp,binary,100000,1900,4,3877287,506463
cooler_kmp,binary,100000,2000,4,3492047,483358
cooler_kmp,binary,100000,2100,4,3707558,537134
cooler_kmp,binary,100000,2200,4,3740309,563383
cooler_kmp,binary,100000,2300,4,3647180,577278
cooler_kmp,binary,100000,2400,4,3565333,584396
cooler_kmp,binary,100000,2500,4,3647999,618502
cooler_kmp,binary,100000,2600,4,4142463,725121
cooler_kmp,binary,100000,2700,4,4049653,744114
cooler_kmp,binary,100000,2800,4,3927192,744813
cooler_kmp,binary,100000,2900,4,3734730,729678
cooler_kmp,binary,100000,3000,4,3539047,713462
cooler_kmp,nonbinary,10000,100,0,13779,2970
cooler_kmp,nonbinary,10000,200,0,13818,5970
cooler_kmp,nonbinary,10000,300,0,14511,8970
cooler_kmp,nonbinary,10000,400,0,14836,11970
cooler_kmp,nonbinary,10000,500,0,15838,14970
cooler_kmp,nonbinary,10000,600,0,17214,17970
cooler_kmp,nonbinary,10000,700,0,16342,20970
cooler_kmp,nonbinary,10000,800,0,15688,23970
cooler_kmp,nonbinary,10000,900,0,17139,26970
cooler_kmp,nonbinary,10000,1000,0,20403,29970
cooler_kmp,nonbinary,10000,1100,0,19835,32970
cooler_kmp,nonbinary,10000,1200,0,19475,35970
cooler_kmp,nonbinary,10000,1300,0,19691,38970
cooler_kmp,nonbinary,10000,1400,0,19482,41970
cooler_kmp,nonbinary,10000,1500,0,21823,44970
cooler_kmp,nonbinary,10000,1600,0,20729,47970
cooler_kmp,nonbinary,10000,1700,0,22205,50970
cooler_kmp,nonbinary,10000,1800,0,22288,53970
cooler_kmp,nonbinary,10000,1900,0,23456,56970
cooler_kmp,nonbinary,10000,2000,0,23528,59970
cooler_kmp,nonbinary,10000,2100,0,26249,62970
cooler_kmp,nonbinary,10000,2200,0,24240,65970
cooler_kmp,nonbinary,10000,2300,0,27347,68970
cooler_kmp,nonbinary,10000,2400,0,28645,71970
cooler_kmp,nonbinary,10000,2500,0,27398,74970
cooler_kmp,nonbinary,10000,2600,0,26826,77970
cooler_kmp,nonbinary,10000,2700,0,29727,80970
cooler_kmp,nonbinary,10000,2800,0,29160,83970
cooler_kmp,nonbinary,10000,2900,0,28482,86970
cooler_kmp,nonbinary,10000,3000,0,30972,89970
cooler_kmp,nonbinary,100000,100,0,173964,2970
cooler_kmp,nonbinary,100000,200,0,157076,5970
cooler_kmp,nonbinary,100000,300,0,190507,8970
cooler_kmp,nonbinary,100000,400,0,161098,11970
cooler_kmp,nonbinary,100000,500,0,159411,14970
cooler_kmp,nonbinary,100000,600,0,176663,17970
cooler_kmp,nonbinary,100000,700,0,173715,20970
cooler_kmp,nonbinary,100000,800,0,171070,23970
cooler_kmp,nonbinary,100000,900,0,174779,26970
cooler_kmp,nonbinary,100000,1000,0,152627,29970
cooler_kmp,nonbinary,100000,1100,0,165056,32970
cooler_kmp,nonbinary,100000,1200,0,164308,35970
cooler_kmp,nonbinary,100000,1300,0,150777,38970
cooler_kmp,nonbinary,100000,1400,0,182132,41970
cooler_kmp,nonbinary,100000,1500,0,178756,44970
cooler_kmp,nonbinary,100000,1600,0,170585,47970
cooler_kmp,nonbinary,100000,1700,0,190775,50970
cooler_kmp,nonbinary,100000,1800,0,162545,53970
cooler_kmp,nonbinary,100000,1900,0,184073,56970
cooler_kmp,nonbinary,100000,2000,0,192395,59970
cooler_kmp,nonbinary,100000,2100,0,191233,62970
cooler_kmp,nonbinary,100000,2200,0,168597,65970
cooler_kmp,nonbinary,100000,2300,0,185028,68970
cooler_kmp,nonbinary,100000,2400,0,198491,71970
cooler_kmp,nonbinary,100000,2500,0,194027,74970
cooler_kmp,nonbinary,100000,2600,0,163508,77970
cooler_kmp,nonbinary,100000,2700,0,183238,80970
cooler_kmp,nonbinary,100000,2800,0,179691,83970
cooler_kmp,nonbinary,100000,2900,0,186753,86970
cooler_kmp,nonbinary,100000,3000,0,192993,89970
cooler_kmp,nonbinary,10000,100,1,49562,6949
cooler_kmp,nonbinary,10000,200,1,55736,15163
cooler_kmp,nonbinary,10000,300,1,67007,26013
cooler_kmp,nonbinary,10000,400,1,61960,32558
cooler_kmp,nonbinary,10000,500,1,63655,40419
cooler_kmp,nonbinary,10000,600,1,65743,48698
cooler_kmp,nonbinary,10000,700,1,59560,50537
cooler_kmp,nonbinary,10000,800,1,64258,62322
cooler_kmp,nonbinary,10000,900,1,58611,63109
cooler_kmp,nonbinary,10000,1000,1,67085,77322
cooler_kmp,nonbinary,10000,1100,1,62551,78138
cooler_kmp,nonbinary,10000,1200,1,65700,88486
cooler_kmp,nonbinary,10000,1300,1,68797,97814
cooler_kmp,nonbinary,10000,1400,1,65838,99888
cooler_kmp,nonbinary,10000,1500,1,75901,119170
cooler_kmp,nonbinary,10000,1600,1,74500,122803
cooler_kmp,nonbinary,10000,1700,1,75437,128954
cooler_kmp,nonbinary,10000,1800,1,76477,135464
cooler_kmp,nonbinary,10000,1900,1,70409,133879
cooler_kmp,nonbinary,10000,2000,1,72362,139730
cooler_kmp,nonbinary,10000,2100,1,78260,153646
cooler_kmp,nonbinary,10000,2200,1,75000,152390
cooler_kmp,nonbinary,10000,2300,1,86298,177942
cooler_kmp,nonbinary,10000,2400,1,92972,193599
cooler_kmp,nonbinary,10000,2500,1,83610,185175
cooler_kmp,nonbinary,10000,2600,1,93732,209739
cooler_kmp,nonbinary,10000,2700,1,85058,195137
cooler_kmp,nonbinary,10000,2800,1,87189,204047
cooler_kmp,nonbinary,10000,2900,1,88074,208728
cooler_kmp,nonbinary,10000,3000,1,88835,218627
cooler_kmp,nonbinary,100000,100,1,642985,7128
cooler_kmp,nonbinary,100000,200,1,674043,14745
cooler_kmp,nonbinary,100000,300,1,702815,22963
cooler_kmp,nonbinary,100000,400,1,752885,31840
cooler_kmp,nonbinary,100000,500,1,677946,36826
cooler_kmp,nonbinary,100000,600,1,708401,45643
cooler_kmp,nonbinary,100000,700,1,715549,54522
cooler_kmp,nonbinary,100000,800,1,622846,55610
cooler_kmp,nonbinary,100000,900,1,689680,66346
cooler_kmp,nonbinary,100000,1000,1,658436,71028
cooler_kmp,nonbinary,100000,1100,1,673367,80446
cooler_kmp,nonbinary,100000,1200,1,711806,90644
cooler_kmp,nonbinary,100000,1300,1,663591,93528
cooler_kmp,nonbinary,100000,1400,1,705411,107443
cooler_kmp,nonbinary,100000,1500,1,684947,111075
cooler_kmp,nonbinary,100000,1600,1,664113,113209
cooler_kmp,nonbinary,100000,1700,1,715245,125895
cooler_kmp,nonbinary,100000,1800,1,728154,136004
cooler_kmp,nonbinary,100000,1900,1,681176,136158
cooler_kmp,nonbinary,100000,2000,1,658548,145127
cooler_kmp,nonbinary,100000,2100,1,700194,154276
cooler_kmp,nonbinary,100000,2200,1,708766,163605
cooler_kmp,nonbinary,100000,2300,1,720845,175873
cooler_kmp,nonbinary,100000,2400,1,817602,197197
cooler_kmp,nonbinary,100000,2500,1,691527,179928
cooler_kmp,nonbinary,100000,2600,1,686489,185568
cooler_kmp,nonbinary,100000,2700,1,739584,208092
cooler_kmp,nonbinary,100000,2800,1,728253,212444
cooler_kmp,nonbinary,100000,2900,1,786959,230470
cooler_kmp,nonbinary,100000,3000,1,799712,238420
cooler_kmp,nonbinary,10000,100,2,188440,22839
cooler_kmp,nonbinary,10000,200,2,227096,53312
cooler_kmp,nonbinary,10000,300,2,221915,77231
cooler_kmp,nonbinary,10000,400,2,206841,95760
cooler_kmp,nonbinary,10000,500,2,234128,132035
cooler_kmp,nonbinary,10000,600,2,235581,157596
cooler_kmp,nonbinary,10000,700,2,223470,170695
cooler_kmp,nonbinary,10000,800,2,236564,203265
cooler_kmp,nonbinary,10000,900,2,216564,205241
cooler_kmp,nonbinary,10000,1000,2,255935,262237
cooler_kmp,nonbinary,10000,1100,2,231976,262441
cooler_kmp,nonbinary,10000,1200,2,261589,317615
cooler_kmp,nonbinary,10000,1300,2,247188,315657
cooler_kmp,nonbinary,10000,1400,2,272146,370595
cooler_kmp,nonbinary,10000,1500,2,286745,409676
cooler_kmp,nonbinary,10000,1600,2,272744,399590
cooler_kmp,nonbinary,10000,1700,2,276702,432225
cooler_kmp,nonbinary,10000,1800,2,258782,421505
cooler_kmp,nonbinary,10000,1900,2,278380,471711
cooler_kmp,nonbinary,10000,2000,2,318855,561319
cooler_kmp,nonbinary,10000,2100,2,316980,574916
cooler_kmp,nonbinary,10000,2200,2,308038,576577
cooler_kmp,nonbinary,10000,2300,2,288525,551070
cooler_kmp,nonbinary,10000,2400,2,324824,640533
cooler_kmp,nonbinary,10000,2500,2,301909,604258
cooler_kmp,nonbinary,10000,2600,2,320629,656507
cooler_kmp,nonbinary,10000,2700,2,341181,719823
cooler_kmp,nonbinary,10000,2800,2,327966,702828
cooler_kmp,nonbinary,10000,2900,2,329154,723590
cooler_kmp,nonbinary,10000,3000,2,345139,761146
cooler_kmp,nonbinary,100000,100,2,2869919,26254
cooler_kmp,nonbinary,100000,200,2,2503065,46804
cooler_kmp,nonbinary,100000,300,2,2683819,74809
cooler_kmp,nonbinary,100000,400,2,3084192,115031
cooler_kmp,nonbinary,100000,500,2,2925771,135927
cooler_kmp,nonbinary,100000,600,2,2910609,161370
cooler_kmp,nonbinary,100000,700,2,2397407,158533
cooler_kmp,nonbinary,100000,800,2,3077390,227954
cooler_kmp,nonbinary,100000,900,2,2687915,224660
cooler_kmp,nonbinary,100000,1000,2,2654569,246653
cooler_kmp,nonbinary,100000,1100,2,3089834,311236
cooler_kmp,nonbinary,100000,1200,2,2675578,298191
cooler_kmp,nonbinary,100000,1300,2,2743924,326178
cooler_kmp,nonbinary,100000,1400,2,2994567,386124
cooler_kmp,nonbinary,100000,1500,2,2659611,365606
cooler_kmp,nonbinary,100000,1600,2,2966804,431250
cooler_kmp,nonbinary,100000,1700,2,3027888,465865
cooler_kmp,nonbinary,100000,1800,2,3076198,500841
cooler_kmp,nonbinary,100000,1900,2,2938189,507033
cooler_kmp,nonbinary,100000,2000,2,3185912,570314
cooler_kmp,nonbinary,100000,2100,2,2600437,498092
cooler_kmp,nonbinary,100000,2200,2,2767434,554807
cooler_kmp,nonbinary,100000,2300,2,2609653,536586
cooler_kmp,nonbinary,100000,2400,2,3058259,657086
cooler_kmp,nonbinary,100000,2500,2,2736093,615503
cooler_kmp,nonbinary,100000,2600,2,2911252,675999
cooler_kmp,nonbinary,100000,2700,2,3072321,739256
cooler_kmp,nonbinary,100000,2800,2,3175487,790157
cooler_kmp,nonbinary,100000,2900,2,2950816,754029
cooler_kmp,nonbinary,100000,3000,2,2686807,728757
cooler_kmp,nonbinary,10000,100,3,766718,89575
cooler_kmp,nonbinary,10000,200,3,806294,186443
cooler_kmp,nonbinary,10000,300,3,875239,298701
cooler_kmp,nonbinary,10000,400,3,859683,384476
cooler_kmp,nonbinary,10000,500,3,931722,513770
cooler_kmp,nonbinary,10000,600,3,860214,564617
cooler_kmp,nonbinary,10000,700,3,878511,657199
cooler_kmp,nonbinary,10000,800,3,866661,731324
cooler_kmp,nonbinary,10000,900,3,898650,843891
cooler_kmp,nonbinary,10000,1000,3,875199,889209
cooler_kmp,nonbinary,10000,1100,3,920950,1003936
cooler_kmp,nonbinary,10000,1200,3,988247,1163629
cooler_kmp,nonbinary,10000,1300,3,1046902,1306274
cooler_kmp,nonbinary,10000,1400,3,1034361,1387108
cooler_kmp,nonbinary,10000,1500,3,972591,1372484
cooler_kmp,nonbinary,10000,1600,3,1040052,1519689
cooler_kmp,nonbinary,10000,1700,3,1077165,1649389
cooler_kmp,nonbinary,10000,1800,3,1215112,1941840
cooler_kmp,nonbinary,10000,1900,3,1011289,1685742
cooler_kmp,nonbinary,10000,2000,3,1113781,1898050
cooler_kmp,nonbinary,10000,2100,3,1134601,2018818
cooler_kmp,nonbinary,10000,2200,3,1244362,2273985
cooler_kmp,nonbinary,10000,2300,3,1158639,2193246
cooler_kmp,nonbinary,10000,2400,3,1186117,2263456
cooler_kmp,nonbinary,10000,2500,3,1321183,2578218
cooler_kmp,nonbinary,10000,2600,3,1170587,2318048
cooler_kmp,nonbinary,10000,2700,3,1312696,2685774
cooler_kmp,nonbinary,10000,2800,3,1388256,2847422
cooler_kmp,nonbinary,10000,2900,3,1422583,3046559
cooler_kmp,nonbinary,10000,3000,3,1302908,2827757
cooler_kmp,nonbinary,100000,100,3,12374550,109711
cooler_kmp,nonbinary,100000,200,3,12754055,227277
cooler_kmp,nonbinary,100000,300,3,11237265,302737
cooler_kmp,nonbinary,100000,400,3,10783688,384596
cooler_kmp,nonbinary,100000,500,3,11478678,510626
cooler_kmp,nonbinary,100000,600,3,11360862,603252
cooler_kmp,nonbinary,100000,700,3,11086580,686138
cooler_kmp,nonbinary,100000,800,3,10596325,751459
cooler_kmp,nonbinary,100000,900,3,11158592,881379
cooler_kmp,nonbinary,100000,1000,3,11051886,974324
cooler_kmp,nonbinary,100000,1100,3,11633720,1126914
cooler_kmp,nonbinary,100000,1200,3,10550826,1107156
cooler_kmp,nonbinary,100000,1300,3,12020549,1364339
cooler_kmp,nonbinary,100000,1400,3,10853631,1327511
cooler_kmp,nonbinary,100000,1500,3,10746933,1413407
cooler_kmp,nonbinary,100000,1600,3,11352667,1587807
cooler_kmp,nonbinary,100000,1700,3,10510866,1571405
cooler_kmp,nonbinary,100000,1800,3,9915918,1558653
cooler_kmp,nonbinary,100000,1900,3,11722881,1927864
cooler_kmp,nonbinary,100000,2000,3,10689854,1842878
cooler_kmp,nonbinary,100000,2100,3,11758851,2146017
cooler_kmp,nonbinary,100000,2200,3,11270493,2127532
cooler_kmp,nonbinary,100000,2300,3,12261954,2433261
cooler_kmp,nonbinary,100000,2400,3,11792337,2438343
cooler_kmp,nonbinary,100000,2500,3,11904046,2542232
cooler_kmp,nonbinary,100000,2600,3,11230108,2502057
cooler_kmp,nonbinary,100000,2700,3,11528528,2661483
cooler_kmp,nonbinary,100000,2800,3,11186513,2666887
cooler_kmp,nonbinary,100000,2900,3,11828790,2901319
cooler_kmp,nonbinary,100000,3000,3,11416759,2916827
cooler_kmp,nonbinary,10000,100,4,3422798,403207
cooler_kmp,nonbinary,10000,200,4,3736038,865411
cooler_kmp,nonbinary,10000,300,4,3431813,1177491
cooler_kmp,nonbinary,10000,400,4,3012002,1362664
cooler_kmp,nonbinary,10000,500,4,3252465,1819304
cooler_kmp,nonbinary,10000,600,4,3565017,2341850
cooler_kmp,nonbinary,10000,700,4,3329640,2493123
cooler_kmp,nonbinary,10000,800,4,3639416,3098841
cooler_kmp,nonbinary,10000,900,4,3816575,3562737
cooler_kmp,nonbinary,10000,1000,4,3463417,3507988
cooler_kmp,nonbinary,10000,1100,4,3698131,4052672
cooler_kmp,nonbinary,10000,1200,4,3838141,4554161
cooler_kmp,nonbinary,10000,1300,4,4201480,5314728
cooler_kmp,nonbinary,10000,1400,4,4409970,5875800
cooler_kmp,nonbinary,10000,1500,4,3787968,5279927
cooler_kmp,nonbinary,10000,1600,4,4065649,5933409
cooler_kmp,nonbinary,10000,1700,4,3871949,5926791
cooler_kmp,nonbinary,10000,1800,4,4209788,6718725
cooler_kmp,nonbinary,10000,1900,4,4352070,7134353
cooler_kmp,nonbinary,10000,2000,4,4438848,7614990
cooler_kmp,nonbinary,10000,2100,4,5073982,8886956
cooler_kmp,nonbinary,10000,2200,4,4709689,8401939
cooler_kmp,nonbinary,10000,2300,4,4596530,8524692
cooler_kmp,nonbinary,10000,2400,4,4669562,8887575
cooler_kmp,nonbinary,10000,2500,4,4937674,9635894
cooler_kmp,nonbinary,10000,2600,4,5086779,10157151
cooler_kmp,nonbinary,10000,2700,4,4704868,9417620
cooler_kmp,nonbinary,10000,2800,4,5480223,11295644
cooler_kmp,nonbinary,10000,2900,4,5380081,11260875
cooler_kmp,nonbinary,10000,3000,4,5774753,12357379
cooler_kmp,nonbinary,100000,100,4,43972025,388743
cooler_kmp,nonbinary,100000,200,4,43609545,770309
cooler_kmp,nonbinary,100000,300,4,46868724,1236604
cooler_kmp,nonbinary,100000,400,4,45870093,1603261
cooler_kmp,nonbinary,100000,500,4,44886894,1972596
cooler_kmp,nonbinary,100000,600,4,44838130,2351015
cooler_kmp,nonbinary,100000,700,4,46357354,2838079
cooler_kmp,nonbinary,100000,800,4,43889060,3062407
cooler_kmp,nonbinary,100000,900,4,46509008,3653086
cooler_kmp,nonbinary,100000,1000,4,44277133,3866729
cooler_kmp,nonbinary,100000,1100,4,41376474,3987391
cooler_kmp,nonbinary,100000,1200,4,50129300,5204499
cooler_kmp,nonbinary,100000,1300,4,45833973,5126893
cooler_kmp,nonbinary,100000,1400,4,46475893,5643286
cooler_kmp,nonbinary,100000,1500,4,48227790,6242735
cooler_kmp,nonbinary,100000,1600,4,42502217,5865771
cooler_kmp,nonbinary,100000,1700,4,45855364,6751995
cooler_kmp,nonbinary,100000,1800,4,45464358,7011782
cooler_kmp,nonbinary,100000,1900,4,44899791,7307541
cooler_kmp,nonbinary,100000,2000,4,43080480,7362516
cooler_kmp,nonbinary,100000,2100,4,45993416,8268590
cooler_kmp,nonbinary,100000,2200,4,48612383,9104519
cooler_kmp,nonbinary,100000,2300,4,43457913,8529519
cooler_kmp,nonbinary,100000,2400,4,51802848,10499703
cooler_kmp,nonbinary,100000,2500,4,46810144,9910284
cooler_kmp,nonbinary,100000,2600,4,43620817,9553664
cooler_kmp,nonbinary,100000,2700,4,48398671,11074266
cooler_kmp,nonbinary,100000,2800,4,44282124,10456784
cooler_kmp,nonbinary,100000,2900,4,44904146,10871250
cooler_kmp,nonbinary,100000,3000,4,45303179,11361411
kmp,binary,10000,100,0,18947,80031
kmp,binary,10000,200,0,17813,76556
kmp,binary,10000,300,0,19995,84883
kmp,binary,10000,400,0,18362,80501
kmp,binary,10000,500,0,21304,91279
kmp,binary,10000,600,0,20084,86439
kmp,binary,10000,700,0,21577,91729
kmp,binary,10000,800,0,19292,85653
kmp,binary,10000,900,0,20019,88244
kmp,binary,10000,1000,0,23993,101172
kmp,binary,10000,1100,0,24019,100122
kmp,binary,10000,1200,0,21291,92559
kmp,binary,10000,1300,0,23540,99759
kmp,binary,10000,1400,0,23224,100988
kmp,binary,10000,1500,0,22934,99040
kmp,binary,10000,1600,0,23855,102956
kmp,binary,10000,1700,0,24992,105982
kmp,binary,10000,1800,0,24322,105673
kmp,binary,10000,1900,0,25125,106577
kmp,binary,10000,2000,0,26598,111489
kmp,binary,10000,2100,0,25113,108385
kmp,binary,10000,2200,0,24899,108296
kmp,binary,10000,2300,0,25263,109566
kmp,binary,10000,2400,0,27440,116361
kmp,binary,10000,2500,0,23971,107874
kmp,binary,10000,2600,0,25420,111865
kmp,binary,10000,2700,0,25136,110402
kmp,binary,10000,2800,0,27150,117501
kmp,binary,10000,2900,0,24077,109661
kmp,binary,10000,3000,0,26210,116425
kmp,binary,100000,100,0,230044,785943
kmp,binary,100000,200,0,233665,805445
kmp,binary,100000,300,0,263422,898602
kmp,binary,100000,400,0,259498,884940
kmp,binary,100000,500,0,247581,847054
kmp,binary,100000,600,0,232411,803834
kmp,binary,100000,700,0,247267,854225
kmp,binary,100000,800,0,243162,836408
kmp,binary,100000,900,0,265888,915043
kmp,binary,100000,1000,0,272251,930519
kmp,binary,100000,1100,0,231705,789999
kmp,binary,100000,1200,0,225102,766482
kmp,binary,100000,1300,0,228640,784092
kmp,binary,100000,1400,0,239803,818587
kmp,binary,100000,1500,0,259138,889629
kmp,binary,100000,1600,0,226166,781300
kmp,binary,100000,1700,0,233487,804810
kmp,binary,100000,1800,0,258080,872612
kmp,binary,100000,1900,0,234012,801576
kmp,binary,100000,2000,0,255908,880484
kmp,binary,100000,2100,0,237130,810324
kmp,binary,100000,2200,0,229739,794533
kmp,binary,100000,2300,0,260554,894862
kmp,binary,100000,2400,0,228983,789596
kmp,binary,100000,2500,0,252010,861041
kmp,binary,100000,2600,0,247820,854912
kmp,binary,100000,2700,0,240023,822036
kmp,binary,100000,2800,0,236443,807672
kmp,binary,100000,2900,0,242905,837426
kmp,binary,100000,3000,0,218124,755195
kmp,binary,10000,100,1,21901,87502
kmp,binary,10000,200,1,20306,82227
kmp,binary,10000,300,1,21926,87690
kmp,binary,10000,400,1,20215,82287
kmp,binary,10000,500,1,20225,83432
kmp,binary,10000,600,1,22516,91467
kmp,binary,10000,700,1,20273,84925
kmp,binary,10000,800,1,21154,87468
kmp,binary,10000,900,1,24916,99639
kmp,binary,10000,1000,1,23633,96552
kmp,binary,10000,1100,1,23790,98061
kmp,binary,10000,1200,1,24124,98813
kmp,binary,10000,1300,1,22450,94967
kmp,binary,10000,1400,1,22997,96998
kmp,binary,10000,1500,1,25323,103059
kmp,binary,10000,1600,1,24877,101804
kmp,binary,10000,1700,1,22161,95954
kmp,binary,10000,1800,1,24093,100307
kmp,binary,10000,1900,1,28006,113075
kmp,binary,10000,2000,1,25575,106592
kmp,binary,10000,2100,1,29500,119448
kmp,binary,10000,2200,1,25454,108081
kmp,binary,10000,2300,1,27739,116063
kmp,binary,10000,2400,1,27483,115616
kmp,binary,10000,2500,1,28592,118671
kmp,binary,10000,2600,1,25800,112630
kmp,binary,10000,2700,1,26827,115250
kmp,binary,10000,2800,1,27175,114911
kmp,binary,10000,2900,1,28043,117375
kmp,binary,10000,3000,1,26859,117614
kmp,binary,100000,100,1,254184,833694
kmp,binary,100000,200,1,268593,877222
kmp,binary,100000,300,1,243972,798048
kmp,binary,100000,400,1,266751,874026
kmp,binary,100000,500,1,219545,714971
kmp,binary,100000,600,1,268382,868023
kmp,binary,100000,700,1,277270,905355
kmp,binary,100000,800,1,247151,809951
kmp,binary,100000,900,1,261231,853614
kmp,binary,100000,1000,1,237083,798994
kmp,binary,100000,1100,1,256145,830728
kmp,binary,100000,1200,1,272563,896807
kmp,binary,100000,1300,1,275560,903025
kmp,binary,100000,1400,1,266626,869609
kmp,binary,100000,1500,1,246486,811779
kmp,binary,100000,1600,1,248648,819895
kmp,binary,100000,1700,1,261687,855875
kmp,binary,100000,1800,1,249190,819619
kmp,binary,100000,1900,1,288435,931620
kmp,binary,100000,2000,1,255441,838299
kmp,binary,100000,2100,1,263427,862653
kmp,binary,100000,2200,1,258557,851664
kmp,binary,100000,2300,1,261592,862767
kmp,binary,100000,2400,1,249566,827640
kmp,binary,100000,2500,1,268263,881836
kmp,binary,100000,2600,1,260953,860728
kmp,binary,100000,2700,1,232819,770766
kmp,binary,100000,2800,1,272652,888032
kmp,binary,100000,2900,1,249084,821822
kmp,binary,100000,3000,1,285833,933801
kmp,binary,10000,100,2,20799,85911
kmp,binary,10000,200,2,20521,84628
kmp,binary,10000,300,2,20741,84661
kmp,binary,10000,400,2,21382,88384
kmp,binary,10000,500,2,22174,90383
kmp,binary,10000,600,2,21742,89481
kmp,binary,10000,700,2,20256,84522
kmp,binary,10000,800,2,21686,90845
kmp,binary,10000,900,2,23525,95532
kmp,binary,10000,1000,2,23946,97026
kmp,binary,10000,1100,2,21792,91541
kmp,binary,10000,1200,2,23778,97778
kmp,binary,10000,1300,2,23056,96064
kmp,binary,10000,1400,2,23057,96540
kmp,binary,10000,1500,2,24483,102634
kmp,binary,10000,1600,2,22781,96737
kmp,binary,10000,1700,2,26734,108902
kmp,binary,10000,1800,2,25154,104264
kmp,binary,10000,1900,2,25706,107705
kmp,binary,10000,2000,2,23547,102161
kmp,binary,10000,2100,2,24237,102772
kmp,binary,10000,2200,2,26744,111028
kmp,binary,10000,2300,2,27488,113281
kmp,binary,10000,2400,2,26372,110619
kmp,binary,10000,2500,2,25486,110202
kmp,binary,10000,2600,2,28333,117606
kmp,binary,10000,2700,2,28253,117873
kmp,binary,10000,2800,2,27566,117307
kmp,binary,10000,2900,2,26556,113118
kmp,binary,10000,3000,2,26588,113890
kmp,binary,100000,100,2,237789,781615
kmp,binary,100000,200,2,255839,843632
kmp,binary,100000,300,2,254689,843057
kmp,binary,100000,400,2,240350,788515
kmp,binary,100000,500,2,239988,781687
kmp,binary,100000,600,2,238725,779135
kmp,binary,100000,700,2,266812,866944
kmp,binary,100000,800,2,255033,834046
kmp,binary,100000,900,2,241517,791132
kmp,binary,100000,1000,2,278808,904113
kmp,binary,100000,1100,2,264464,861304
kmp,binary,100000,1200,2,275725,897486
kmp,binary,100000,1300,2,274246,902388
kmp,binary,100000,1400,2,294521,963427
kmp,binary,100000,1500,2,240153,786151
kmp,binary,100000,1600,2,267121,869688
kmp,binary,100000,1700,2,248869,818407
kmp,binary,100000,1800,2,262582,870759
kmp,binary,100000,1900,2,245959,804381
kmp,binary,100000,2000,2,265068,868414
kmp,binary,100000,2100,2,256293,836439
kmp,binary,100000,2200,2,264232,863607
kmp,binary,100000,2300,2,264582,867937
kmp,binary,100000,2400,2,251939,834627
kmp,binary,100000,2500,2,275007,895438
kmp,binary,100000,2600,2,220360,732675
kmp,binary,100000,2700,2,261317,856884
kmp,binary,100000,2800,2,273289,902559
kmp,binary,100000,2900,2,247422,817209
kmp,binary,100000,3000,2,248868,817961
kmp,binary,10000,100,3,17707,74079
kmp,binary,10000,200,3,20696,85128
kmp,binary,10000,300,3,21704,88343
kmp,binary,10000,400,3,21587,88754
kmp,binary,10000,500,3,20828,86499
kmp,binary,10000,600,3,22510,94072
kmp,binary,10000,700,3,21219,88050
kmp,binary,10000,800,3,20658,85665
kmp,binary,10000,900,3,23130,94550
kmp,binary,10000,1000,3,21778,91120
kmp,binary,10000,1100,3,24217,98365
kmp,binary,10000,1200,3,25242,101541
kmp,binary,10000,1300,3,24557,99750
kmp,binary,10000,1400,3,25359,104829
kmp,binary,10000,1500,3,23753,99041
kmp,binary,10000,1600,3,22790,95243
kmp,binary,10000,1700,3,24624,100649
kmp,binary,10000,1800,3,26198,106582
kmp,binary,10000,1900,3,23772,100229
kmp,binary,10000,2000,3,24499,103075
kmp,binary,10000,2100,3,28364,114541
kmp,binary,10000,2200,3,27428,112205
kmp,binary,10000,2300,3,25145,108506
kmp,binary,10000,2400,3,25904,110049
kmp,binary,10000,2500,3,26742,113027
kmp,binary,10000,2600,3,24618,107819
kmp,binary,10000,2700,3,28261,118192
kmp,binary,10000,2800,3,26210,113314
kmp,binary,10000,2900,3,24521,108951
kmp,binary,10000,3000,3,27780,117923
kmp,binary,100000,100,3,257587,859664
kmp,binary,100000,200,3,245630,793819
kmp,binary,100000,300,3,245153,808100
kmp,binary,100000,400,3,229802,755853
kmp,binary,100000,500,3,251374,825702
kmp,binary,100000,600,3,260578,858754
kmp,binary,100000,700,3,234373,760357
kmp,binary,100000,800,3,258904,855500
kmp,binary,100000,900,3,255678,819241
kmp,binary,100000,1000,3,261406,853652
kmp,binary,100000,1100,3,264388,873096
kmp,binary,100000,1200,3,242930,791671
kmp,binary,100000,1300,3,259429,838716
kmp,binary,100000,1400,3,256010,832436
kmp,binary,100000,1500,3,232666,774462
kmp,binary,100000,1600,3,251306,821911
kmp,binary,100000,1700,3,254064,843082
kmp,binary,100000,1800,3,264441,853404
kmp,binary,100000,1900,3,237261,790700
kmp,binary,100000,2000,3,236030,778713
kmp,binary,100000,2100,3,276684,894034
kmp,binary,100000,2200,3,269031,878611
kmp,binary,100000,2300,3,286066,946349
kmp,binary,100000,2400,3,269481,878888
kmp,binary,100000,2500,3,256176,847970
kmp,binary,100000,2600,3,266312,871385
kmp,binary,100000,2700,3,263320,859169
kmp,binary,100000,2800,3,244018,804176
kmp,binary,100000,2900,3,287617,937137
kmp,binary,100000,3000,3,268042,881835
kmp,binary,10000,100,4,21351,88552
kmp,binary,10000,200,4,19629,81894
kmp,binary,10000,300,4,20694,86159
kmp,binary,10000,400,4,18833,79056
kmp,binary,10000,500,4,24286,96348
kmp,binary,10000,600,4,21325,88160
kmp,binary,10000,700,4,21519,89632
kmp,binary,10000,800,4,22929,93709
kmp,binary,10000,900,4,22832,93591
kmp,binary,10000,1000,4,22421,91467
kmp,binary,10000,1100,4,24915,100444
kmp,binary,10000,1200,4,23465,96250
kmp,binary,10000,1300,4,26842,107641
kmp,binary,10000,1400,4,23985,99705
kmp,binary,10000,1500,4,23858,99915
kmp,binary,10000,1600,4,22478,96016
kmp,binary,10000,1700,4,22632,96658
kmp,binary,10000,1800,4,24483,102904
kmp,binary,10000,1900,4,23886,102126
kmp,binary,10000,2000,4,22591,97546
kmp,binary,10000,2100,4,25501,107155
kmp,binary,10000,2200,4,24937,106092
kmp,binary,10000,2300,4,26110,109988
kmp,binary,10000,2400,4,28544,117844
kmp,binary,10000,2500,4,27254,112960
kmp,binary,10000,2600,4,25437,110374
kmp,binary,10000,2700,4,26578,111497
kmp,binary,10000,2800,4,28460,119780
kmp,binary,10000,2900,4,27230,114610
kmp,binary,10000,3000,4,27789,117542
kmp,binary,100000,100,4,236611,791255
kmp,binary,100000,200,4,257229,842976
kmp,binary,100000,300,4,248416,826759
kmp,binary,100000,400,4,251384,824333
kmp,binary,100000,500,4,226430,750513
kmp,binary,100000,600,4,263669,875786
kmp,binary,100000,700,4,286948,939389
kmp,binary,100000,800,4,243556,792069
kmp,binary,100000,900,4,251483,828032
kmp,binary,100000,1000,4,257426,842255
kmp,binary,100000,1100,4,260307,853455
kmp,binary,100000,1200,4,258013,844224
kmp,binary,100000,1300,4,259456,845104
kmp,binary,100000,1400,4,256626,850867
kmp,binary,100000,1500,4,233113,761609
kmp,binary,100000,1600,4,278366,895392
kmp,binary,100000,1700,4,289711,939712
kmp,binary,100000,1800,4,251070,833916
kmp,binary,100000,1900,4,260652,852939
kmp,binary,100000,2000,4,270624,884545
kmp,binary,100000,2100,4,254020,827041
kmp,binary,100000,2200,4,257299,845277
kmp,binary,100000,2300,4,234825,767096
kmp,binary,100000,2400,4,248261,818219
kmp,binary,100000,2500,4,261910,864617
kmp,binary,100000,2600,4,257929,850859
kmp,binary,100000,2700,4,241264,787052
kmp,binary,100000,2800,4,254489,834275
kmp,binary,100000,2900,4,269219,880061
kmp,binary,100000,3000,4,266571,884455
kmp,nonbinary,10000,100,0,12356,64680
kmp,nonbinary,10000,200,0,11350,63482
kmp,nonbinary,10000,300,0,11752,66278
kmp,nonbinary,10000,400,0,11609,65458
kmp,nonbinary,10000,500,0,12595,71272
kmp,nonbinary,10000,600,0,13073,74207
kmp,nonbinary,10000,700,0,11803,68933
kmp,nonbinary,10000,800,0,11458,68433
kmp,nonbinary,10000,900,0,12126,71293
kmp,nonbinary,10000,1000,0,13403,79241
kmp,nonbinary,10000,1100,0,14214,82992
kmp,nonbinary,10000,1200,0,13517,80118
kmp,nonbinary,10000,1300,0,13240,79226
kmp,nonbinary,10000,1400,0,12664,77038
kmp,nonbinary,10000,1500,0,14154,85060
kmp,nonbinary,10000,1600,0,13815,81976
kmp,nonbinary,10000,1700,0,14753,86965
kmp,nonbinary,10000,1800,0,14308,86867
kmp,nonbinary,10000,1900,0,14346,88913
kmp,nonbinary,10000,2000,0,13909,88345
kmp,nonbinary,10000,2100,0,16079,97853
kmp,nonbinary,10000,2200,0,13815,88567
kmp,nonbinary,10000,2300,0,16089,99266
kmp,nonbinary,10000,2400,0,16862,102921
kmp,nonbinary,10000,2500,0,15496,97557
kmp,nonbinary,10000,2600,0,14767,94762
kmp,nonbinary,10000,2700,0,16384,103999
kmp,nonbinary,10000,2800,0,16226,101802
kmp,nonbinary,10000,2900,0,14873,98377
kmp,nonbinary,10000,3000,0,16605,105984
kmp,nonbinary,100000,100,0,160650,667266
kmp,nonbinary,100000,200,0,146118,611318
kmp,nonbinary,100000,300,0,170712,696575
kmp,nonbinary,100000,400,0,147071,617119
kmp,nonbinary,100000,500,0,142468,587181
kmp,nonbinary,100000,600,0,157925,664083
kmp,nonbinary,100000,700,0,156751,657472
kmp,nonbinary,100000,800,0,155694,648667
kmp,nonbinary,100000,900,0,157621,647475
kmp,nonbinary,100000,1000,0,133919,569524
kmp,nonbinary,100000,1100,0,143814,600842
kmp,nonbinary,100000,1200,0,146009,609218
kmp,nonbinary,100000,1300,0,132123,556025
kmp,nonbinary,100000,1400,0,161063,676102
kmp,nonbinary,100000,1500,0,153704,655045
kmp,nonbinary,100000,1600,0,148870,630547
kmp,nonbinary,100000,1700,0,164070,690201
kmp,nonbinary,100000,1800,0,144905,617485
kmp,nonbinary,100000,1900,0,160993,682234
kmp,nonbinary,100000,2000,0,168467,707901
kmp,nonbinary,100000,2100,0,164312,696850
kmp,nonbinary,100000,2200,0,143939,612142
kmp,nonbinary,100000,2300,0,157364,659683
kmp,nonbinary,100000,2400,0,171587,718392
kmp,nonbinary,100000,2500,0,164542,693342
kmp,nonbinary,100000,2600,0,139328,597383
kmp,nonbinary,100000,2700,0,155703,664506
kmp,nonbinary,100000,2800,0,149187,635758
kmp,nonbinary,100000,2900,0,158998,671564
kmp,nonbinary,100000,3000,0,165661,710976
kmp,nonbinary,10000,100,1,13232,64803
kmp,nonbinary,10000,200,1,13339,66952
kmp,nonbinary,10000,300,1,13012,66375
kmp,nonbinary,10000,400,1,11710,61425
kmp,nonbinary,10000,500,1,12673,66466
kmp,nonbinary,10000,600,1,14140,73597
kmp,nonbinary,10000,700,1,14664,76472
kmp,nonbinary,10000,800,1,13771,73241
kmp,nonbinary,10000,900,1,14241,75263
kmp,nonbinary,10000,1000,1,14448,76768
kmp,nonbinary,10000,1100,1,15367,81268
kmp,nonbinary,10000,1200,1,14184,76349
kmp,nonbinary,10000,1300,1,14744,79909
kmp,nonbinary,10000,1400,1,15069,82817
kmp,nonbinary,10000,1500,1,15148,83714
kmp,nonbinary,10000,1600,1,15078,83971
kmp,nonbinary,10000,1700,1,16317,89098
kmp,nonbinary,10000,1800,1,16493,91817
kmp,nonbinary,10000,1900,1,14698,85391
kmp,nonbinary,10000,2000,1,15311,88537
kmp,nonbinary,10000,2100,1,16383,93009
kmp,nonbinary,10000,2200,1,17807,93026
kmp,nonbinary,10000,2300,1,16814,97890
kmp,nonbinary,10000,2400,1,18037,102641
kmp,nonbinary,10000,2500,1,16322,97362
kmp,nonbinary,10000,2600,1,17057,100609
kmp,nonbinary,10000,2700,1,17324,103219
kmp,nonbinary,10000,2800,1,17551,103982
kmp,nonbinary,10000,2900,1,16923,102092
kmp,nonbinary,10000,3000,1,16435,101112
kmp,nonbinary,100000,100,1,156667,621675
kmp,nonbinary,100000,200,1,171634,657416
kmp,nonbinary,100000,300,1,182143,678560
kmp,nonbinary,100000,400,1,186704,696720
kmp,nonbinary,100000,500,1,178077,697344
kmp,nonbinary,100000,600,1,188335,694237
kmp,nonbinary,100000,700,1,168540,623129
kmp,nonbinary,100000,800,1,173628,633535
kmp,nonbinary,100000,900,1,175490,675763
kmp,nonbinary,100000,1000,1,176282,664887
kmp,nonbinary,100000,1100,1,172301,632307
kmp,nonbinary,100000,1200,1,180409,663674
kmp,nonbinary,100000,1300,1,185667,683144
kmp,nonbinary,100000,1400,1,167791,619670
kmp,nonbinary,100000,1500,1,171128,624551
kmp,nonbinary,100000,1600,1,202148,747755
kmp,nonbinary,100000,1700,1,195776,733817
kmp,nonbinary,100000,1800,1,188485,702922
kmp,nonbinary,100000,1900,1,185225,694935
kmp,nonbinary,100000,2000,1,156210,585392
kmp,nonbinary,100000,2100,1,186730,689146
kmp,nonbinary,100000,2200,1,183762,683076
kmp,nonbinary,100000,2300,1,168818,625655
kmp,nonbinary,100000,2400,1,196011,723217
kmp,nonbinary,100000,2500,1,186352,727675
kmp,nonbinary,100000,2600,1,180920,690456
kmp,nonbinary,100000,2700,1,169625,645476
kmp,nonbinary,100000,2800,1,166677,627855
kmp,nonbinary,100000,2900,1,178704,682069
kmp,nonbinary,100000,3000,1,194391,735090
kmp,nonbinary,10000,100,2,11653,58928
kmp,nonbinary,10000,200,2,13695,67843
kmp,nonbinary,10000,300,2,12876,65609
kmp,nonbinary,10000,400,2,12795,66545
kmp,nonbinary,10000,500,2,13178,68955
kmp,nonbinary,10000,600,2,13272,70837
kmp,nonbinary,10000,700,2,14338,74943
kmp,nonbinary,10000,800,2,13899,74349
kmp,nonbinary,10000,900,2,12916,69966
kmp,nonbinary,10000,1000,2,15042,79206
kmp,nonbinary,10000,1100,2,14839,81333
kmp,nonbinary,10000,1200,2,14024,76693
kmp,nonbinary,10000,1300,2,14893,82579
kmp,nonbinary,10000,1400,2,13125,75498
kmp,nonbinary,10000,1500,2,15486,86023
kmp,nonbinary,10000,1600,2,15907,88048
kmp,nonbinary,10000,1700,2,15237,86081
kmp,nonbinary,10000,1800,2,14877,85362
kmp,nonbinary,10000,1900,2,15851,90701
kmp,nonbinary,10000,2000,2,14968,87889
kmp,nonbinary,10000,2100,2,16481,94011
kmp,nonbinary,10000,2200,2,16424,95731
kmp,nonbinary,10000,2300,2,16866,98543
kmp,nonbinary,10000,2400,2,16046,95992
kmp,nonbinary,10000,2500,2,16152,97299
kmp,nonbinary,10000,2600,2,16422,98594
kmp,nonbinary,10000,2700,2,17111,102539
kmp,nonbinary,10000,2800,2,17392,104916
kmp,nonbinary,10000,2900,2,15858,98769
kmp,nonbinary,10000,3000,2,17873,107293
kmp,nonbinary,100000,100,2,171563,669531
kmp,nonbinary,100000,200,2,179287,720043
kmp,nonbinary,100000,300,2,182586,681085
kmp,nonbinary,100000,400,2,170858,658082
kmp,nonbinary,100000,500,2,165531,626223
kmp,nonbinary,100000,600,2,178546,666712
kmp,nonbinary,100000,700,2,158015,591598
kmp,nonbinary,100000,800,2,175406,650472
kmp,nonbinary,100000,900,2,175707,651531
kmp,nonbinary,100000,1000,2,170507,638108
kmp,nonbinary,100000,1100,2,166596,643534
kmp,nonbinary,100000,1200,2,169955,641285
kmp,nonbinary,100000,1300,2,187875,698873
kmp,nonbinary,100000,1400,2,163978,626638
kmp,nonbinary,100000,1500,2,188122,700907
kmp,nonbinary,100000,1600,2,179951,685769
kmp,nonbinary,100000,1700,2,183093,684670
kmp,nonbinary,100000,1800,2,171855,643465
kmp,nonbinary,100000,1900,2,183570,701228
kmp,nonbinary,100000,2000,2,167396,616153
kmp,nonbinary,100000,2100,2,165927,635563
kmp,nonbinary,100000,2200,2,170256,645621
kmp,nonbinary,100000,2300,2,198531,738317
kmp,nonbinary,100000,2400,2,175834,666023
kmp,nonbinary,100000,2500,2,168915,635458
kmp,nonbinary,100000,2600,2,183812,703053
kmp,nonbinary,100000,2700,2,181372,684669
kmp,nonbinary,100000,2800,2,183873,699579
kmp,nonbinary,100000,2900,2,198669,741465
kmp,nonbinary,100000,3000,2,179592,687239
kmp,nonbinary,10000,100,3,13039,67211
kmp,nonbinary,10000,200,3,13294,66970
kmp,nonbinary,10000,300,3,15346,76637
kmp,nonbinary,10000,400,3,14019,71616
kmp,nonbinary,10000,500,3,14841,75979
kmp,nonbinary,10000,600,3,13807,71968
kmp,nonbinary,10000,700,3,14816,77115
kmp,nonbinary,10000,800,3,13833,73821
kmp,nonbinary,10000,900,3,13817,74294
kmp,nonbinary,10000,1000,3,14687,78517
kmp,nonbinary,10000,1100,3,14721,79247
kmp,nonbinary,10000,1200,3,14625,79811
kmp,nonbinary,10000,1300,3,16370,87711
kmp,nonbinary,10000,1400,3,14656,82632
kmp,nonbinary,10000,1500,3,14210,80943
kmp,nonbinary,10000,1600,3,14463,83053
kmp,nonbinary,10000,1700,3,14349,81917
kmp,nonbinary,10000,1800,3,14751,84602
kmp,nonbinary,10000,1900,3,16252,92025
kmp,nonbinary,10000,2000,3,16004,91806
kmp,nonbinary,10000,2100,3,15841,90630
kmp,nonbinary,10000,2200,3,15875,93140
kmp,nonbinary,10000,2300,3,16380,96111
kmp,nonbinary,10000,2400,3,15720,94305
kmp,nonbinary,10000,2500,3,15508,93506
kmp,nonbinary,10000,2600,3,16201,97802
kmp,nonbinary,10000,2700,3,16214,98965
kmp,nonbinary,10000,2800,3,17490,104049
kmp,nonbinary,10000,2900,3,15750,98226
kmp,nonbinary,10000,3000,3,16382,101824
kmp,nonbinary,100000,100,3,170666,683830
kmp,nonbinary,100000,200,3,181745,726179
kmp,nonbinary,100000,300,3,156260,615827
kmp,nonbinary,100000,400,3,148225,564740
kmp,nonbinary,100000,500,3,173298,660382
kmp,nonbinary,100000,600,3,176575,662406
kmp,nonbinary,100000,700,3,173363,646680
kmp,nonbinary,100000,800,3,172148,651625
kmp,nonbinary,100000,900,3,172797,654402
kmp,nonbinary,100000,1000,3,164057,618567
kmp,nonbinary,100000,1100,3,181187,679767
kmp,nonbinary,100000,1200,3,165693,645316
kmp,nonbinary,100000,1300,3,181419,691581
kmp,nonbinary,100000,1400,3,170234,654035
kmp,nonbinary,100000,1500,3,184996,693207
kmp,nonbinary,100000,1600,3,169590,644645
kmp,nonbinary,100000,1700,3,159084,600617
kmp,nonbinary,100000,1800,3,169378,643309
kmp,nonbinary,100000,1900,3,191692,708108
kmp,nonbinary,100000,2000,3,170555,645788
kmp,nonbinary,100000,2100,3,169502,637478
kmp,nonbinary,100000,2200,3,180481,676672
kmp,nonbinary,100000,2300,3,161708,617698
kmp,nonbinary,100000,2400,3,174363,657241
kmp,nonbinary,100000,2500,3,188037,703725
kmp,nonbinary,100000,2600,3,164353,646538
kmp,nonbinary,100000,2700,3,186664,706513
kmp,nonbinary,100000,2800,3,180731,680476
kmp,nonbinary,100000,2900,3,188308,702713
kmp,nonbinary,100000,3000,3,180307,681940
kmp,nonbinary,10000,100,4,11803,63753
kmp,nonbinary,10000,200,4,12968,66626
kmp,nonbinary,10000,300,4,12428,63850
kmp,nonbinary,10000,400,4,13257,68307
kmp,nonbinary,10000,500,4,12991,68344
kmp,nonbinary,10000,600,4,13619,71133
kmp,nonbinary,10000,700,4,15135,78989
kmp,nonbinary,10000,800,4,14516,76036
kmp,nonbinary,10000,900,4,13470,72130
kmp,nonbinary,10000,1000,4,16311,84450
kmp,nonbinary,10000,1100,4,14959,79834
kmp,nonbinary,10000,1200,4,14676,79581
kmp,nonbinary,10000,1300,4,13336,75237
kmp,nonbinary,10000,1400,4,15172,83437
kmp,nonbinary,10000,1500,4,16912,91860
kmp,nonbinary,10000,1600,4,15083,84319
kmp,nonbinary,10000,1700,4,15879,88228
kmp,nonbinary,10000,1800,4,14604,84433
kmp,nonbinary,10000,1900,4,15372,89081
kmp,nonbinary,10000,2000,4,15191,89032
kmp,nonbinary,10000,2100,4,14767,86711
kmp,nonbinary,10000,2200,4,16550,95928
kmp,nonbinary,10000,2300,4,16220,95456
kmp,nonbinary,10000,2400,4,16325,95991
kmp,nonbinary,10000,2500,4,15826,95614
kmp,nonbinary,10000,2600,4,16132,98601
kmp,nonbinary,10000,2700,4,16772,101900
kmp,nonbinary,10000,2800,4,18542,107696
kmp,nonbinary,10000,2900,4,17625,106124
kmp,nonbinary,10000,3000,4,17809,106405
kmp,nonbinary,100000,100,4,173233,726170
kmp,nonbinary,100000,200,4,155215,618059
kmp,nonbinary,100000,300,4,173493,685830
kmp,nonbinary,100000,400,4,166852,644579
kmp,nonbinary,100000,500,4,179260,675298
kmp,nonbinary,100000,600,4,167651,638640
kmp,nonbinary,100000,700,4,178542,690555
kmp,nonbinary,100000,800,4,168361,646295
kmp,nonbinary,100000,900,4,150428,573927
kmp,nonbinary,100000,1000,4,176778,669314
kmp,nonbinary,100000,1100,4,161353,642681
kmp,nonbinary,100000,1200,4,169870,636141
kmp,nonbinary,100000,1300,4,171339,641458
kmp,nonbinary,100000,1400,4,174310,654627
kmp,nonbinary,100000,1500,4,194943,719666
kmp,nonbinary,100000,1600,4,178744,671724
kmp,nonbinary,100000,1700,4,181436,687288
kmp,nonbinary,100000,1800,4,166816,620159
kmp,nonbinary,100000,1900,4,190104,706081
kmp,nonbinary,100000,2000,4,186701,706070
kmp,nonbinary,100000,2100,4,178115,670267
kmp,nonbinary,100000,2200,4,179018,675992
kmp,nonbinary,100000,2300,4,186566,699024
kmp,nonbinary,100000,2400,4,178216,668910
kmp,nonbinary,100000,2500,4,161015,620567
kmp,nonbinary,100000,2600,4,190686,721124
kmp,nonbinary,100000,2700,4,175534,666597
kmp,nonbinary,100000,2800,4,153629,593872
kmp,nonbinary,100000,2900,4,162312,609894
kmp,nonbinary,100000,3000,4,177608,689848
simple,binary,10000,100,0,16364,92699
simple,binary,10000,200,0,15766,90219
simple,binary,10000,300,0,17122,98089
simple,binary,10000,400,0,17097,97754
simple,binary,10000,500,0,18696,107261
simple,binary,10000,600,0,15959,94950
simple,binary,10000,700,0,16721,98775
simple,binary,10000,800,0,15110,92635
simple,binary,10000,900,0,16040,97420
simple,binary,10000,1000,0,17297,104570
simple,binary,10000,1100,0,17564,105985
simple,binary,10000,1200,0,15620,97106
simple,binary,10000,1300,0,14714,94841
simple,binary,10000,1400,0,17540,110144
simple,binary,10000,1500,0,15243,98053
simple,binary,10000,1600,0,15533,99994
simple,binary,10000,1700,0,15182,100297
simple,binary,10000,1800,0,15668,103313
simple,binary,10000,1900,0,14366,97267
simple,binary,10000,2000,0,15176,103028
simple,binary,10000,2100,0,14803,100714
simple,binary,10000,2200,0,13982,97710
simple,binary,10000,2300,0,13994,99021
simple,binary,10000,2400,0,14213,100513
simple,binary,10000,2500,0,13604,99125
simple,binary,10000,2600,0,13345,97780
simple,binary,10000,2700,0,12276,91768
simple,binary,10000,2800,0,13085,98748
simple,binary,10000,2900,0,12405,94551
simple,binary,10000,3000,0,12296,96396
simple,binary,100000,100,0,235637,1036797
simple,binary,100000,200,0,212538,932959
simple,binary,100000,300,0,241621,1064341
simple,binary,100000,400,0,226800,1004875
simple,binary,100000,500,0,235543,1033137
simple,binary,100000,600,0,237191,1035628
simple,binary,100000,700,0,237039,1043295
simple,binary,100000,800,0,239063,1054813
simple,binary,100000,900,0,228939,1004749
simple,binary,100000,1000,0,266733,1171999
simple,binary,100000,1100,0,216714,962043
simple,binary,100000,1200,0,217548,965486
simple,binary,100000,1300,0,221743,983022
simple,binary,100000,1400,0,209275,932012
simple,binary,100000,1500,0,255869,1125572
simple,binary,100000,1600,0,206370,919803
simple,binary,100000,1700,0,236477,1046737
simple,binary,100000,1800,0,217083,976523
simple,binary,100000,1900,0,218869,975507
simple,binary,100000,2000,0,220893,981087
simple,binary,100000,2100,0,204386,918510
simple,binary,100000,2200,0,210606,946504
simple,binary,100000,2300,0,243685,1084274
simple,binary,100000,2400,0,218142,974546
simple,binary,100000,2500,0,226709,1015903
simple,binary,100000,2600,0,214993,965230
simple,binary,100000,2700,0,205308,928037
simple,binary,100000,2800,0,200325,905792
simple,binary,100000,2900,0,209219,948873
simple,binary,100000,3000,0,196897,891352
simple,binary,10000,100,1,19792,105744
simple,binary,10000,200,1,17279,95703
simple,binary,10000,300,1,18607,102859
simple,binary,10000,400,1,16077,91641
simple,binary,10000,500,1,18512,103145
simple,binary,10000,600,1,17261,99709
simple,binary,10000,700,1,16544,96164
simple,binary,10000,800,1,16706,98403
simple,binary,10000,900,1,17843,104866
simple,binary,10000,1000,1,17990,106052
simple,binary,10000,1100,1,18408,108238
simple,binary,10000,1200,1,17132,104081
simple,binary,10000,1300,1,16125,99659
simple,binary,10000,1400,1,16293,100901
simple,binary,10000,1500,1,16629,102684
simple,binary,10000,1600,1,15438,98478
simple,binary,10000,1700,1,14755,95255
simple,binary,10000,1800,1,14629,95860
simple,binary,10000,1900,1,16732,107573
simple,binary,10000,2000,1,16151,105516
simple,binary,10000,2100,1,17397,112217
simple,binary,10000,2200,1,15125,101616
simple,binary,10000,2300,1,15928,107423
simple,binary,10000,2400,1,15310,104700
simple,binary,10000,2500,1,15835,108330
simple,binary,10000,2600,1,15033,105094
simple,binary,10000,2700,1,14562,103887
simple,binary,10000,2800,1,13101,96603
simple,binary,10000,2900,1,13463,100450
simple,binary,10000,3000,1,14718,106589
simple,binary,100000,100,1,242582,1050229
simple,binary,100000,200,1,240478,1034180
simple,binary,100000,300,1,231262,1002320
simple,binary,100000,400,1,230008,1009867
simple,binary,100000,500,1,201626,883612
simple,binary,100000,600,1,259248,1114080
simple,binary,100000,700,1,253243,1095044
simple,binary,100000,800,1,220153,952187
simple,binary,100000,900,1,233717,1022769
simple,binary,100000,1000,1,230782,998357
simple,binary,100000,1100,1,231095,1007148
simple,binary,100000,1200,1,250834,1087985
simple,binary,100000,1300,1,246787,1075752
simple,binary,100000,1400,1,232048,1018972
simple,binary,100000,1500,1,213565,952828
simple,binary,100000,1600,1,210887,940740
simple,binary,100000,1700,1,213432,939327
simple,binary,100000,1800,1,211586,924772
simple,binary,100000,1900,1,255644,1131837
simple,binary,100000,2000,1,222952,988904
simple,binary,100000,2100,1,228703,1021311
simple,binary,100000,2200,1,225447,1008896
simple,binary,100000,2300,1,231526,1036316
simple,binary,100000,2400,1,228257,1023744
simple,binary,100000,2500,1,230037,1011608
simple,binary,100000,2600,1,226028,1007333
simple,binary,100000,2700,1,206627,928439
simple,binary,100000,2800,1,226106,1012398
simple,binary,100000,2900,1,213853,958981
simple,binary,100000,3000,1,244208,1094849
simple,binary,10000,100,2,21027,111880
simple,binary,10000,200,2,18852,103877
simple,binary,10000,300,2,19093,105553
simple,binary,10000,400,2,18435,103175
simple,binary,10000,500,2,18192,102524
simple,binary,10000,600,2,17868,101540
simple,binary,10000,700,2,16333,95908
simple,binary,10000,800,2,16213,95622
simple,binary,10000,900,2,16614,98094
simple,binary,10000,1000,2,16720,100215
simple,binary,10000,1100,2,16574,99474
simple,binary,10000,1200,2,16921,102600
simple,binary,10000,1300,2,15698,97363
simple,binary,10000,1400,2,15609,97623
simple,binary,10000,1500,2,17155,105638
simple,binary,10000,1600,2,14505,94208
simple,binary,10000,1700,2,16472,105032
simple,binary,10000,1800,2,15934,102651
simple,binary,10000,1900,2,14761,97994
simple,binary,10000,2000,2,14861,98376
simple,binary,10000,2100,2,13644,94891
simple,binary,10000,2200,2,15613,103823
simple,binary,10000,2300,2,14770,100517
simple,binary,10000,2400,2,14571,100903
simple,binary,10000,2500,2,14029,100302
simple,binary,10000,2600,2,13318,96970
simple,binary,10000,2700,2,14153,102030
simple,binary,10000,2800,2,14129,103076
simple,binary,10000,2900,2,11860,91371
simple,binary,10000,3000,2,12133,94118
simple,binary,100000,100,2,227823,1000234
simple,binary,100000,200,2,227310,982752
simple,binary,100000,300,2,232161,1003123
simple,binary,100000,400,2,240251,1042804
simple,binary,100000,500,2,218163,942455
simple,binary,100000,600,2,215553,932046
simple,binary,100000,700,2,244423,1061992
simple,binary,100000,800,2,241529,1047063
simple,binary,100000,900,2,214384,931218
simple,binary,100000,1000,2,240547,1046451
simple,binary,100000,1100,2,230921,1006768
simple,binary,100000,1200,2,252869,1094014
simple,binary,100000,1300,2,251003,1087414
simple,binary,100000,1400,2,245707,1064554
simple,binary,100000,1500,2,222018,970123
simple,binary,100000,1600,2,242945,1059276
simple,binary,100000,1700,2,213705,936575
simple,binary,100000,1800,2,240431,1045466
simple,binary,100000,1900,2,209658,920638
simple,binary,100000,2000,2,225333,990121
simple,binary,100000,2100,2,223743,978560
simple,binary,100000,2200,2,232560,1018635
simple,binary,100000,2300,2,224405,981793
simple,binary,100000,2400,2,242119,1062365
simple,binary,100000,2500,2,246462,1077186
simple,binary,100000,2600,2,201849,890666
simple,binary,100000,2700,2,233590,1023455
simple,binary,100000,2800,2,228621,1009777
simple,binary,100000,2900,2,225658,992706
simple,binary,100000,3000,2,212395,938553
simple,binary,10000,100,3,15714,86112
simple,binary,10000,200,3,19398,105731
simple,binary,10000,300,3,19396,106407
simple,binary,10000,400,3,19077,103172
simple,binary,10000,500,3,18546,102526
simple,binary,10000,600,3,20294,112076
simple,binary,10000,700,3,17622,100756
simple,binary,10000,800,3,14675,87151
simple,binary,10000,900,3,17805,102273
simple,binary,10000,1000,3,17091,100700
simple,binary,10000,1100,3,17882,104582
simple,binary,10000,1200,3,17542,104327
simple,binary,10000,1300,3,16688,100210
simple,binary,10000,1400,3,17824,106716
simple,binary,10000,1500,3,15744,97512
simple,binary,10000,1600,3,14736,92997
simple,binary,10000,1700,3,15545,97511
simple,binary,10000,1800,3,16111,102357
simple,binary,10000,1900,3,14895,97005
simple,binary,10000,2000,3,14099,94689
simple,binary,10000,2100,3,15809,104343
simple,binary,10000,2200,3,14719,99382
simple,binary,10000,2300,3,14671,99767
simple,binary,10000,2400,3,13627,95171
simple,binary,10000,2500,3,14553,100442
simple,binary,10000,2600,3,13507,96400
simple,binary,10000,2700,3,15256,106641
simple,binary,10000,2800,3,14452,102650
simple,binary,10000,2900,3,12456,94185
simple,binary,10000,3000,3,13070,97555
simple,binary,100000,100,3,246827,1068418
simple,binary,100000,200,3,238200,1033108
simple,binary,100000,300,3,234254,1017893
simple,binary,100000,400,3,223203,960616
simple,binary,100000,500,3,216654,939159
simple,binary,100000,600,3,239694,1036071
simple,binary,100000,700,3,216880,943144
simple,binary,100000,800,3,247520,1070417
simple,binary,100000,900,3,222237,965466
simple,binary,100000,1000,3,221591,966620
simple,binary,100000,1100,3,248341,1081275
simple,binary,100000,1200,3,245273,1075072
simple,binary,100000,1300,3,232990,1009946
simple,binary,100000,1400,3,230620,1004461
simple,binary,100000,1500,3,219324,967331
simple,binary,100000,1600,3,220697,976652
simple,binary,100000,1700,3,227099,989739
simple,binary,100000,1800,3,220885,973652
simple,binary,100000,1900,3,214622,941489
simple,binary,100000,2000,3,213285,947397
simple,binary,100000,2100,3,259737,1133872
simple,binary,100000,2200,3,241083,1053843
simple,binary,100000,2300,3,256096,1136182
simple,binary,100000,2400,3,239740,1052349
simple,binary,100000,2500,3,225085,988358
simple,binary,100000,2600,3,244157,1065412
simple,binary,100000,2700,3,233955,1026697
simple,binary,100000,2800,3,221662,980586
simple,binary,100000,2900,3,242092,1070147
simple,binary,100000,3000,3,235142,1038307
simple,binary,10000,100,4,18347,102416
simple,binary,10000,200,4,17461,96008
simple,binary,10000,300,4,18901,105413
simple,binary,10000,400,4,17200,96676
simple,binary,10000,500,4,19035,106748
simple,binary,10000,600,4,18228,102172
simple,binary,10000,700,4,16914,96661
simple,binary,10000,800,4,17078,99043
simple,binary,10000,900,4,17513,101831
simple,binary,10000,1000,4,16407,97208
simple,binary,10000,1100,4,17201,102883
simple,binary,10000,1200,4,16448,99348
simple,binary,10000,1300,4,18407,109696
simple,binary,10000,1400,4,17935,108748
simple,binary,10000,1500,4,16741,104310
simple,binary,10000,1600,4,14559,94038
simple,binary,10000,1700,4,14258,93462
simple,binary,10000,1800,4,15040,98053
simple,binary,10000,1900,4,13953,93857
simple,binary,10000,2000,4,12186,84980
simple,binary,10000,2100,4,14591,98831
simple,binary,10000,2200,4,14457,99008
simple,binary,10000,2300,4,14470,99268
simple,binary,10000,2400,4,15364,105856
simple,binary,10000,2500,4,13292,95571
simple,binary,10000,2600,4,12815,92750
simple,binary,10000,2700,4,12435,91950
simple,binary,10000,2800,4,14743,105186
simple,binary,10000,2900,4,12123,92319
simple,binary,10000,3000,4,12347,95524
simple,binary,100000,100,4,225088,975707
simple,binary,100000,200,4,247208,1064431
simple,binary,100000,300,4,246208,1071789
simple,binary,100000,400,4,232155,1008200
simple,binary,100000,500,4,220471,963026
simple,binary,100000,600,4,224324,964328
simple,binary,100000,700,4,232108,1003138
simple,binary,100000,800,4,222386,971010
simple,binary,100000,900,4,231902,1005299
simple,binary,100000,1000,4,244667,1060451
simple,binary,100000,1100,4,225379,990288
simple,binary,100000,1200,4,238538,1044090
simple,binary,100000,1300,4,223570,973574
simple,binary,100000,1400,4,231809,1016390
simple,binary,100000,1500,4,198886,875556
simple,binary,100000,1600,4,232059,1015483
simple,binary,100000,1700,4,244316,1068227
simple,binary,100000,1800,4,228355,999514
simple,binary,100000,1900,4,218367,962001
simple,binary,100000,2000,4,227245,994884
simple,binary,100000,2100,4,212571,939735
simple,binary,100000,2200,4,214541,944979
simple,binary,100000,2300,4,204424,904155
simple,binary,100000,2400,4,236376,1044057
simple,binary,100000,2500,4,231529,1016893
simple,binary,100000,2600,4,228907,1006139
simple,binary,100000,2700,4,211448,935088
simple,binary,100000,2800,4,225483,995937
simple,binary,100000,2900,4,244848,1078879
simple,binary,100000,3000,4,242249,1064680
simple,nonbinary,10000,100,0,11626,67094
simple,nonbinary,10000,200,0,11102,64731
simple,nonbinary,10000,300,0,11171,66383
simple,nonbinary,10000,400,0,10895,65547
simple,nonbinary,10000,500,0,11071,68026
simple,nonbinary,10000,600,0,11350,72667
simple,nonbinary,10000,700,0,9951,65852
simple,nonbinary,10000,800,0,9052,62350
simple,nonbinary,10000,900,0,9710,66029
simple,nonbinary,10000,1000,0,10657,72866
simple,nonbinary,10000,1100,0,10857,74025
simple,nonbinary,10000,1200,0,10016,70732
simple,nonbinary,10000,1300,0,9618,69236
simple,nonbinary,10000,1400,0,8982,66149
simple,nonbinary,10000,1500,0,10174,73922
simple,nonbinary,10000,1600,0,8944,67515
simple,nonbinary,10000,1700,0,9521,71295
simple,nonbinary,10000,1800,0,9002,69873
simple,nonbinary,10000,1900,0,9332,72677
simple,nonbinary,10000,2000,0,8883,71407
simple,nonbinary,10000,2100,0,10291,79189
simple,nonbinary,10000,2200,0,8380,69422
simple,nonbinary,10000,2300,0,9965,79268
simple,nonbinary,10000,2400,0,10360,82043
simple,nonbinary,10000,2500,0,9044,75519
simple,nonbinary,10000,2600,0,8129,71026
simple,nonbinary,10000,2700,0,9582,80570
simple,nonbinary,10000,2800,0,8695,75738
simple,nonbinary,10000,2900,0,7819,71909
simple,nonbinary,10000,3000,0,8871,78805
simple,nonbinary,100000,100,0,152031,692111
simple,nonbinary,100000,200,0,136516,619585
simple,nonbinary,100000,300,0,165308,741976
simple,nonbinary,100000,400,0,138555,634065
simple,nonbinary,100000,500,0,136767,621269
simple,nonbinary,100000,600,0,150684,692028
simple,nonbinary,100000,700,0,147985,676568
simple,nonbinary,100000,800,0,144477,659977
simple,nonbinary,100000,900,0,147212,669851
simple,nonbinary,100000,1000,0,127464,590221
simple,nonbinary,100000,1100,0,137832,629840
simple,nonbinary,100000,1200,0,136396,624878
simple,nonbinary,100000,1300,0,123730,569407
simple,nonbinary,100000,1400,0,150666,694255
simple,nonbinary,100000,1500,0,147039,681560
simple,nonbinary,100000,1600,0,139158,645886
simple,nonbinary,100000,1700,0,156170,719802
simple,nonbinary,100000,1800,0,131085,607849
simple,nonbinary,100000,1900,0,149025,689384
simple,nonbinary,100000,2000,0,155738,715522
simple,nonbinary,100000,2100,0,154047,714732
simple,nonbinary,100000,2200,0,133450,621283
simple,nonbinary,100000,2300,0,146708,680072
simple,nonbinary,100000,2400,0,158154,730180
simple,nonbinary,100000,2500,0,153763,712237
simple,nonbinary,100000,2600,0,126265,593446
simple,nonbinary,100000,2700,0,142548,666739
simple,nonbinary,100000,2800,0,138875,648696
simple,nonbinary,100000,2900,0,144686,673187
simple,nonbinary,100000,3000,0,149640,698357
simple,nonbinary,10000,100,1,11553,66183
simple,nonbinary,10000,200,1,11575,67402
simple,nonbinary,10000,300,1,11282,67167
simple,nonbinary,10000,400,1,10001,61013
simple,nonbinary,10000,500,1,10663,65586
simple,nonbinary,10000,600,1,11086,68486
simple,nonbinary,10000,700,1,11947,73895
simple,nonbinary,10000,800,1,10529,67333
simple,nonbinary,10000,900,1,10595,68839
simple,nonbinary,10000,1000,1,10883,70510
simple,nonbinary,10000,1100,1,11356,73714
simple,nonbinary,10000,1200,1,9977,67054
simple,nonbinary,10000,1300,1,10274,69615
simple,nonbinary,10000,1400,1,10208,70734
simple,nonbinary,10000,1500,1,10169,70796
simple,nonbinary,10000,1600,1,10097,71659
simple,nonbinary,10000,1700,1,10421,73573
simple,nonbinary,10000,1800,1,10743,76809
simple,nonbinary,10000,1900,1,9285,69512
simple,nonbinary,10000,2000,1,9410,70659
simple,nonbinary,10000,2100,1,9868,74452
simple,nonbinary,10000,2200,1,9787,74538
simple,nonbinary,10000,2300,1,10143,77845
simple,nonbinary,10000,2400,1,10706,81116
simple,nonbinary,10000,2500,1,9249,74476
simple,nonbinary,10000,2600,1,9266,75467
simple,nonbinary,10000,2700,1,9842,79346
simple,nonbinary,10000,2800,1,9288,77222
simple,nonbinary,10000,2900,1,8907,75475
simple,nonbinary,10000,3000,1,8323,73321
simple,nonbinary,100000,100,1,149996,656731
simple,nonbinary,100000,200,1,156827,692550
simple,nonbinary,100000,300,1,151709,671138
simple,nonbinary,100000,400,1,167320,742482
simple,nonbinary,100000,500,1,160066,712355
simple,nonbinary,100000,600,1,157989,715191
simple,nonbinary,100000,700,1,142969,653479
simple,nonbinary,100000,800,1,146987,659132
simple,nonbinary,100000,900,1,156127,708225
simple,nonbinary,100000,1000,1,153488,692951
simple,nonbinary,100000,1100,1,148093,658474
simple,nonbinary,100000,1200,1,156220,696801
simple,nonbinary,100000,1300,1,151763,681348
simple,nonbinary,100000,1400,1,132559,611268
simple,nonbinary,100000,1500,1,142448,651553
simple,nonbinary,100000,1600,1,160778,739656
simple,nonbinary,100000,1700,1,167094,766781
simple,nonbinary,100000,1800,1,159542,732162
simple,nonbinary,100000,1900,1,155717,717894
simple,nonbinary,100000,2000,1,127658,591288
simple,nonbinary,100000,2100,1,147354,680176
simple,nonbinary,100000,2200,1,151219,697890
simple,nonbinary,100000,2300,1,140943,642117
simple,nonbinary,100000,2400,1,159060,727553
simple,nonbinary,100000,2500,1,155955,721685
simple,nonbinary,100000,2600,1,158759,709856
simple,nonbinary,100000,2700,1,138599,645562
simple,nonbinary,100000,2800,1,138269,635197
simple,nonbinary,100000,2900,1,149673,697121
simple,nonbinary,100000,3000,1,161882,746635
simple,nonbinary,10000,100,2,10579,61932
simple,nonbinary,10000,200,2,12008,69652
simple,nonbinary,10000,300,2,10922,65413
simple,nonbinary,10000,400,2,10381,63321
simple,nonbinary,10000,500,2,10897,67249
simple,nonbinary,10000,600,2,10575,66701
simple,nonbinary,10000,700,2,11672,72276
simple,nonbinary,10000,800,2,10976,70586
simple,nonbinary,10000,900,2,9843,64654
simple,nonbinary,10000,1000,2,11280,72806
simple,nonbinary,10000,1100,2,11058,74093
simple,nonbinary,10000,1200,2,9748,66552
simple,nonbinary,10000,1300,2,10524,72078
simple,nonbinary,10000,1400,2,8904,63894
simple,nonbinary,10000,1500,2,10585,73428
simple,nonbinary,10000,1600,2,10971,75951
simple,nonbinary,10000,1700,2,10141,71917
simple,nonbinary,10000,1800,2,9630,70781
simple,nonbinary,10000,1900,2,9781,72622
simple,nonbinary,10000,2000,2,9080,69428
simple,nonbinary,10000,2100,2,9887,74637
simple,nonbinary,10000,2200,2,10029,76346
simple,nonbinary,10000,2300,2,10310,78961
simple,nonbinary,10000,2400,2,9486,75108
simple,nonbinary,10000,2500,2,9445,75714
simple,nonbinary,10000,2600,2,9223,75108
simple,nonbinary,10000,2700,2,9475,77665
simple,nonbinary,10000,2800,2,9746,79558
simple,nonbinary,10000,2900,2,8217,71780
simple,nonbinary,10000,3000,2,9471,79626
simple,nonbinary,100000,100,2,162460,714389
simple,nonbinary,100000,200,2,169451,760968
simple,nonbinary,100000,300,2,165644,725982
simple,nonbinary,100000,400,2,153191,690469
simple,nonbinary,100000,500,2,144351,643775
simple,nonbinary,100000,600,2,157359,694235
simple,nonbinary,100000,700,2,137967,612091
simple,nonbinary,100000,800,2,152713,677017
simple,nonbinary,100000,900,2,150415,665949
simple,nonbinary,100000,1000,2,145831,647993
simple,nonbinary,100000,1100,2,152090,675713
simple,nonbinary,100000,1200,2,148550,662696
simple,nonbinary,100000,1300,2,161505,715468
simple,nonbinary,100000,1400,2,140691,633178
simple,nonbinary,100000,1500,2,163245,728492
simple,nonbinary,100000,1600,2,157435,703887
simple,nonbinary,100000,1700,2,157680,702869
simple,nonbinary,100000,1800,2,148462,667408
simple,nonbinary,100000,1900,2,154380,700342
simple,nonbinary,100000,2000,2,141918,629114
simple,nonbinary,100000,2100,2,142207,643249
simple,nonbinary,100000,2200,2,140747,637870
simple,nonbinary,100000,2300,2,166969,743836
simple,nonbinary,100000,2400,2,149001,679674
simple,nonbinary,100000,2500,2,140211,621796
simple,nonbinary,100000,2600,2,156581,711711
simple,nonbinary,100000,2700,2,149653,698619
simple,nonbinary,100000,2800,2,147765,688850
simple,nonbinary,100000,2900,2,163625,742850
simple,nonbinary,100000,3000,2,147062,685208
simple,nonbinary,10000,100,3,11398,67876
simple,nonbinary,10000,200,3,11107,65512
simple,nonbinary,10000,300,3,13187,76113
simple,nonbinary,10000,400,3,11544,69475
simple,nonbinary,10000,500,3,12617,75570
simple,nonbinary,10000,600,3,10834,67491
simple,nonbinary,10000,700,3,11867,73750
simple,nonbinary,10000,800,3,11093,70008
simple,nonbinary,10000,900,3,10276,67221
simple,nonbinary,10000,1000,3,11030,71656
simple,nonbinary,10000,1100,3,10965,72074
simple,nonbinary,10000,1200,3,10639,70910
simple,nonbinary,10000,1300,3,11967,78829
simple,nonbinary,10000,1400,3,10093,70423
simple,nonbinary,10000,1500,3,9515,68409
simple,nonbinary,10000,1600,3,9495,68427
simple,nonbinary,10000,1700,3,9082,66422
simple,nonbinary,10000,1800,3,9104,68023
simple,nonbinary,10000,1900,3,10112,74126
simple,nonbinary,10000,2000,3,9976,74785
simple,nonbinary,10000,2100,3,9142,70718
simple,nonbinary,10000,2200,3,9706,74445
simple,nonbinary,10000,2300,3,9251,73642
simple,nonbinary,10000,2400,3,9249,73565
simple,nonbinary,10000,2500,3,8582,70513
simple,nonbinary,10000,2600,3,9238,75021
simple,nonbinary,10000,2700,3,8890,74150
simple,nonbinary,10000,2800,3,9553,78317
simple,nonbinary,10000,2900,3,8052,71047
simple,nonbinary,10000,3000,3,8348,73752
simple,nonbinary,100000,100,3,154607,690491
simple,nonbinary,100000,200,3,166113,736726
simple,nonbinary,100000,300,3,147431,657104
simple,nonbinary,100000,400,3,135918,600283
simple,nonbinary,100000,500,3,157458,697931
simple,nonbinary,100000,600,3,159693,701831
simple,nonbinary,100000,700,3,149035,660691
simple,nonbinary,100000,800,3,152741,678668
simple,nonbinary,100000,900,3,150602,664920
simple,nonbinary,100000,1000,3,146198,651186
simple,nonbinary,100000,1100,3,155975,705840
simple,nonbinary,100000,1200,3,149285,663884
simple,nonbinary,100000,1300,3,156871,697878
simple,nonbinary,100000,1400,3,149977,679710
simple,nonbinary,100000,1500,3,159602,724036
simple,nonbinary,100000,1600,3,145405,658650
simple,nonbinary,100000,1700,3,137882,625254
simple,nonbinary,100000,1800,3,148942,668647
simple,nonbinary,100000,1900,3,163186,725863
simple,nonbinary,100000,2000,3,142812,645306
simple,nonbinary,100000,2100,3,142793,644107
simple,nonbinary,100000,2200,3,153013,699163
simple,nonbinary,100000,2300,3,132139,604539
simple,nonbinary,100000,2400,3,146185,667258
simple,nonbinary,100000,2500,3,159212,725126
simple,nonbinary,100000,2600,3,139267,640999
simple,nonbinary,100000,2700,3,154183,705564
simple,nonbinary,100000,2800,3,151055,685912
simple,nonbinary,100000,2900,3,154611,708227
simple,nonbinary,100000,3000,3,150954,696206
simple,nonbinary,10000,100,4,11002,67303
simple,nonbinary,10000,200,4,11745,69438
simple,nonbinary,10000,300,4,10652,63907
simple,nonbinary,10000,400,4,10973,66583
simple,nonbinary,10000,500,4,10737,66469
simple,nonbinary,10000,600,4,11284,69309
simple,nonbinary,10000,700,4,12173,75215
simple,nonbinary,10000,800,4,10888,68997
simple,nonbinary,10000,900,4,10160,65979
simple,nonbinary,10000,1000,4,12301,77757
simple,nonbinary,10000,1100,4,11225,72953
simple,nonbinary,10000,1200,4,10158,68671
simple,nonbinary,10000,1300,4,9034,63779
simple,nonbinary,10000,1400,4,10365,71265
simple,nonbinary,10000,1500,4,11851,80358
simple,nonbinary,10000,1600,4,9958,70485
simple,nonbinary,10000,1700,4,10421,74556
simple,nonbinary,10000,1800,4,9201,69173
simple,nonbinary,10000,1900,4,9776,72651
simple,nonbinary,10000,2000,4,9216,70452
simple,nonbinary,10000,2100,4,8745,67976
simple,nonbinary,10000,2200,4,10217,76734
simple,nonbinary,10000,2300,4,9631,74704
simple,nonbinary,10000,2400,4,9233,73535
simple,nonbinary,10000,2500,4,9137,73872
simple,nonbinary,10000,2600,4,9108,75103
simple,nonbinary,10000,2700,4,9651,78506
simple,nonbinary,10000,2800,4,9969,80547
simple,nonbinary,10000,2900,4,9738,80098
simple,nonbinary,10000,3000,4,8896,76258
simple,nonbinary,100000,100,4,162448,756286
simple,nonbinary,100000,200,4,146917,659854
simple,nonbinary,100000,300,4,159487,714410
simple,nonbinary,100000,400,4,152826,671374
simple,nonbinary,100000,500,4,157312,701698
simple,nonbinary,100000,600,4,151539,679792
simple,nonbinary,100000,700,4,159694,712572
simple,nonbinary,100000,800,4,154972,682482
simple,nonbinary,100000,900,4,132929,600439
simple,nonbinary,100000,1000,4,157857,697649
simple,nonbinary,100000,1100,4,150006,670489
simple,nonbinary,100000,1200,4,144217,647973
simple,nonbinary,100000,1300,4,145411,650244
simple,nonbinary,100000,1400,4,147306,658257
simple,nonbinary,100000,1500,4,169861,753484
simple,nonbinary,100000,1600,4,155835,699351
simple,nonbinary,100000,1700,4,158927,713797
simple,nonbinary,100000,1800,4,139775,628757
simple,nonbinary,100000,1900,4,158815,711825
simple,nonbinary,100000,2000,4,157875,721187
simple,nonbinary,100000,2100,4,151541,681280
simple,nonbinary,100000,2200,4,148558,665717
simple,nonbinary,100000,2300,4,156068,708403
simple,nonbinary,100000,2400,4,148815,682848
simple,nonbinary,100000,2500,4,138961,632749
simple,nonbinary,100000,2600,4,157506,723262
simple,nonbinary,100000,2700,4,146842,667282
simple,nonbinary,100000,2800,4,131786,604162
simple,nonbinary,100000,2900,4,134582,610418
simple,nonbinary,100000,3000,4,151008,704401
